"","month","sender","bank","n.terms","Achiev","Adverbs","Affect","Anger","Anx","Article","Assent","AuxVb","Body","Cause","Certain","Conj","Death","Discrep","Excl","Family","Feel","Filler","Friends","Future","Health","Hear","Home","Humans","I","Incl","Ingest","Inhib","Insight","Ipron","Leisure","Money","Motion","Negate","Negemo","Nonflu","Numbers","Past","Percept","Posemo","Prep","Present","Quant","Relig","Sad","See","Sexual","SheHe","Social","Space","Swear","Tentat","They","Time","We","Work","You"
"398",1,"B5167","B",9,0,8,0,2,5,9,9,6,7,6,4,6,1,9,8,2,9,0,2,7,8,6,4,5,1,5,7,9,7,3,0,4,6,9,2,3,3,9,2,5,0,5,2,9,6,5,8,2,8,9,4,8,4,7,9,3,7
"324",1,"L0845","L",40,7,2,2,6,9,1,7,7,2,4,7,3,5,7,6,0,8,8,7,0,0,3,8,2,9,7,1,1,6,7,6,2,4,3,1,8,3,9,9,4,8,1,5,0,5,8,1,1,6,8,9,2,1,4,0,4,5
"167",1,"B5523","B",94,6,5,1,8,7,0,9,6,7,3,7,0,9,0,1,0,1,8,0,5,4,2,1,7,6,7,0,3,0,3,8,3,0,6,5,5,7,3,1,1,4,9,1,3,6,8,9,9,6,0,1,5,6,2,4,7,7
"129",1,"B4406","B",38,1,7,6,0,7,6,4,4,9,2,8,6,5,7,4,0,5,9,7,1,9,4,1,5,5,5,3,9,0,4,2,1,9,9,8,2,5,7,1,5,1,6,0,8,7,6,7,3,8,2,1,9,8,6,4,7,0
"299",1,"L0132","L",61,5,5,0,0,3,4,1,3,3,7,1,6,8,4,2,8,1,0,3,3,9,7,1,8,1,8,5,8,8,5,5,8,6,8,9,2,4,7,2,8,0,8,0,3,7,3,1,2,3,7,1,5,7,6,1,5,3
"270",1,"B8936","B",70,3,4,0,3,0,9,3,4,0,4,1,7,1,7,5,7,9,4,7,9,1,1,5,8,3,4,9,1,1,9,1,4,1,3,5,7,6,7,4,8,4,4,3,0,9,6,9,3,7,8,6,4,0,8,4,8,5
"187",1,"B6195","B",22,5,9,4,3,4,2,7,9,8,4,0,2,2,0,2,2,9,7,2,6,8,8,9,2,8,3,5,1,9,9,7,8,7,2,6,9,7,3,8,3,7,1,3,4,5,9,9,9,1,9,5,9,0,3,5,8,7
"307",1,"L0310","L",41,1,4,4,5,9,6,8,8,4,9,0,3,8,3,8,9,5,1,6,0,6,0,9,5,2,4,2,6,4,6,5,1,3,1,4,1,0,7,5,2,8,6,6,9,1,0,3,1,7,6,0,9,8,2,7,0,8
"85",1,"B2742","B",37,7,0,8,1,5,8,5,0,8,8,2,4,0,9,1,1,1,3,3,3,3,0,7,3,6,1,4,1,8,0,0,5,5,6,4,2,4,6,6,6,9,1,5,7,4,2,1,3,4,3,2,7,9,4,7,7,0
"277",1,"B9157","B",63,9,4,3,6,5,8,8,6,9,8,5,3,9,8,9,0,1,2,1,2,4,7,6,7,4,8,4,9,8,1,2,2,1,6,1,3,4,5,0,6,4,9,5,1,0,7,3,8,5,8,1,8,2,7,0,1,0
"362",1,"L2187","L",41,3,5,1,0,7,2,4,2,5,5,4,4,5,8,3,0,8,8,9,5,4,3,0,1,5,4,5,2,4,2,8,2,6,0,5,9,0,3,6,1,8,8,3,5,0,0,1,1,1,7,5,5,8,3,6,7,7
"330",1,"L0982","L",34,3,1,6,9,6,9,1,8,4,4,8,6,8,5,4,0,2,1,9,1,3,9,3,1,4,9,4,5,3,4,4,9,9,5,2,8,4,2,3,9,4,0,2,8,2,6,7,8,7,3,3,6,2,4,5,9,0
"263",1,"B8594","B",34,3,5,4,0,1,4,9,1,9,3,0,1,8,7,5,2,6,1,7,7,2,8,2,6,8,0,4,8,9,7,8,3,4,2,1,0,0,1,8,3,4,3,9,9,2,8,4,7,3,0,2,2,4,6,5,5,2
"329",1,"L0935","L",27,6,9,3,0,2,6,9,4,3,7,2,9,1,7,3,2,4,1,3,9,4,9,2,1,6,8,1,2,5,6,3,2,3,4,0,6,6,9,2,5,9,5,8,2,1,1,7,7,9,3,1,0,0,1,2,7,8
"79",1,"B2532","B",9,8,0,2,4,1,7,1,0,6,4,5,7,3,6,5,8,6,8,5,6,9,2,3,4,4,2,1,0,5,7,8,0,4,5,0,4,8,7,7,9,7,3,1,3,7,8,0,1,0,3,2,8,0,5,8,8,0
"213",1,"B6946","B",25,5,5,7,0,5,5,7,1,5,8,9,8,7,6,8,3,5,4,7,2,6,5,8,0,4,0,2,4,4,2,7,1,5,8,3,1,3,1,5,8,3,6,7,5,3,8,7,2,4,0,2,9,8,6,4,3,3
"37",1,"B1306","B",5,4,0,9,1,3,0,0,4,4,7,5,4,1,5,3,6,4,4,3,8,2,7,8,0,0,6,5,4,9,8,2,4,1,2,9,6,3,9,5,0,9,7,7,1,4,3,3,4,4,6,7,1,4,1,3,2,4
"105",1,"B3481","B",87,0,2,9,5,8,5,1,7,1,5,7,5,0,5,2,0,5,4,6,0,8,5,4,6,3,9,2,3,5,3,0,7,6,6,4,3,9,0,0,7,7,6,4,9,4,4,6,9,7,3,4,0,4,6,5,9,4
"217",1,"B7096","B",35,7,7,7,5,1,9,4,3,8,2,5,8,2,3,1,5,0,2,3,6,7,6,7,4,2,8,5,0,8,9,5,2,6,8,4,9,0,3,6,8,0,3,5,4,2,2,6,2,3,1,7,3,1,4,5,9,3
"366",1,"B7179","B",20,2,5,6,3,6,8,7,5,4,6,6,6,3,6,3,7,8,2,4,7,2,5,3,0,5,9,3,7,3,4,2,3,8,7,1,6,1,2,8,1,5,4,8,4,3,5,9,6,3,6,6,2,6,3,1,3,6
"165",1,"B5471","B",71,8,3,9,7,9,7,5,5,7,7,5,0,5,7,0,2,8,6,9,1,8,1,5,3,2,0,1,7,8,7,2,6,5,3,1,9,1,5,3,8,7,7,7,8,6,5,2,3,1,4,7,5,0,4,9,2,2
"290",1,"B9692","B",97,6,7,5,1,9,8,6,5,0,7,4,6,3,3,8,0,4,0,1,6,0,7,7,8,3,2,8,6,4,2,8,4,2,7,0,6,1,0,6,8,7,8,6,1,3,5,6,9,4,1,2,2,9,3,1,3,8
"396",1,"B4387","B",38,7,1,5,2,1,0,6,0,3,6,0,1,7,0,9,3,0,9,1,4,1,1,7,2,7,1,0,9,6,0,2,4,4,0,8,0,6,2,4,1,8,7,7,8,7,6,9,3,8,0,7,7,0,0,7,2,7
"382",1,"B7739","B",59,0,3,4,9,7,3,5,8,7,4,3,0,5,1,2,5,7,5,6,9,3,9,8,8,9,4,7,2,6,1,3,5,3,3,6,2,4,9,8,3,8,4,4,3,6,0,5,9,3,5,8,4,0,0,6,8,4
"89",1,"B2786","B",89,0,0,8,6,4,0,9,6,9,9,2,8,0,5,0,9,3,2,9,8,7,7,6,9,4,4,3,4,8,7,8,6,9,2,6,5,1,8,3,5,3,6,9,4,9,9,7,0,7,2,2,1,3,7,3,9,8
"289",1,"B9624","B",9,4,1,8,1,8,2,0,5,9,5,2,8,4,7,7,4,4,0,5,5,0,4,7,3,9,0,4,7,2,5,1,9,1,0,1,0,0,0,6,5,9,0,0,0,4,1,3,3,4,2,9,7,3,9,9,1,6
"340",1,"L1355","L",50,4,1,5,4,5,0,6,6,8,8,5,2,7,4,8,2,6,5,0,5,6,2,4,3,5,9,2,0,1,0,8,8,6,5,3,8,0,5,7,0,4,2,6,1,1,1,8,6,8,5,2,6,2,9,9,4,9
"326",1,"L0879","L",23,0,6,5,5,7,1,7,1,1,0,0,6,7,5,9,8,7,1,3,6,8,2,8,3,1,5,7,0,5,1,9,0,9,9,5,9,9,3,4,5,0,9,3,9,5,8,6,6,6,1,0,0,1,0,0,4,7
"395",1,"B3887","B",46,5,5,2,4,9,0,6,2,1,6,2,5,4,5,4,6,1,5,5,8,7,0,6,7,0,2,3,2,0,2,5,2,6,1,6,1,3,4,4,3,3,1,3,8,5,3,0,9,0,2,0,1,3,9,4,4,6
"42",1,"B1404","B",27,0,8,8,6,0,5,3,3,2,8,3,0,6,0,1,7,3,5,7,4,9,5,4,4,0,8,4,1,0,9,6,4,3,4,1,1,2,4,0,5,1,3,3,9,9,8,1,3,6,6,8,6,4,1,7,3,0
"111",1,"B3763","B",28,6,2,2,9,2,6,3,1,5,9,0,5,4,3,2,5,3,7,9,6,7,4,6,5,5,9,9,2,6,3,9,1,9,9,1,4,8,7,1,5,6,5,7,7,5,5,8,1,4,1,3,1,9,5,9,1,0
"20",1,"B0786","B",92,1,9,3,6,6,9,4,3,1,0,7,1,1,0,7,9,1,7,8,7,7,5,5,8,7,2,0,4,4,8,6,1,6,2,4,7,3,6,5,1,2,2,3,7,6,0,4,8,6,5,0,1,9,7,5,2,5
"44",1,"B1457","B",61,2,0,3,1,5,9,8,5,8,3,0,8,4,0,7,8,3,7,0,8,7,4,8,1,9,6,1,6,9,0,5,1,0,1,0,9,8,2,8,9,3,5,2,8,3,0,7,2,6,2,3,9,2,2,1,5,5
"343",1,"L1481","L",1,4,6,0,3,4,8,0,9,7,3,7,0,7,2,7,1,4,0,9,9,5,2,8,7,2,9,6,4,6,1,6,3,6,1,5,7,5,1,8,2,7,0,7,9,6,9,8,7,4,9,4,1,6,1,5,0,0
"70",1,"B2299","B",89,3,1,7,5,6,2,9,9,2,8,2,0,4,9,9,6,6,2,0,7,8,5,9,7,9,1,3,2,8,7,4,9,6,7,2,9,9,4,8,7,4,1,2,1,8,7,8,2,1,3,2,3,1,1,8,1,2
"121",1,"B4106","B",81,3,9,4,0,4,5,7,1,3,3,9,7,6,1,7,9,3,8,9,9,8,3,4,8,1,7,1,0,2,5,5,0,4,3,3,0,8,7,5,2,7,5,9,0,6,0,9,7,7,5,5,8,3,4,5,8,8
"40",1,"B1389","B",92,3,3,3,3,8,2,9,2,4,4,6,6,2,5,0,5,9,4,3,7,2,9,6,8,3,0,8,8,0,6,6,4,3,2,0,8,5,2,7,5,7,2,2,5,4,9,3,5,5,3,0,2,7,1,8,0,2
"172",1,"B5749","B",65,2,6,2,5,3,0,8,7,7,9,5,5,5,9,8,8,1,2,8,8,8,5,3,7,0,3,1,6,7,5,3,1,8,4,5,5,0,4,0,5,1,1,3,2,8,6,9,8,7,4,5,0,9,1,3,6,0
"25",1,"B0899","B",2,1,0,3,7,5,6,8,5,7,4,5,8,6,9,0,7,5,1,3,2,8,6,2,8,6,1,7,1,2,3,7,5,6,4,2,4,9,0,3,0,4,8,4,0,1,1,6,7,2,4,4,9,8,1,2,0,4
"248",1,"B7983","B",90,1,7,8,9,9,0,7,6,0,3,4,4,2,0,2,6,0,5,3,6,6,2,7,5,1,1,7,3,8,2,6,0,8,6,1,5,8,3,6,0,7,1,9,1,2,1,2,6,6,5,8,6,7,1,7,0,2
"198",1,"B6539","B",33,3,3,6,1,2,9,5,5,2,7,4,9,7,1,9,0,4,2,1,5,2,7,9,3,1,7,8,0,8,3,2,0,7,7,3,2,6,0,0,2,2,3,2,4,7,1,5,3,4,4,1,8,5,6,5,7,1
"39",1,"B1371","B",62,4,3,3,3,7,9,1,1,7,7,9,1,5,8,5,9,3,8,0,7,3,2,6,6,2,3,3,3,9,6,6,8,8,2,1,5,4,4,1,5,1,7,8,1,5,5,9,1,0,6,0,2,6,4,2,9,7
"298",1,"L0125","L",7,5,1,4,9,9,5,6,8,5,4,3,5,9,9,7,2,0,6,5,0,9,3,4,8,8,8,9,9,8,6,5,2,7,4,1,6,2,8,2,0,3,0,3,9,3,3,2,1,2,3,8,2,9,8,1,5,9
"280",1,"B9258","B",68,5,7,4,8,2,4,7,0,8,2,6,9,1,2,7,4,1,5,7,9,0,7,1,2,8,3,4,9,1,4,4,6,7,4,7,0,6,5,9,7,8,7,6,0,2,3,1,0,7,3,4,4,3,7,4,3,1
"160",1,"B5436","B",61,5,6,0,3,6,9,1,2,9,8,5,7,9,3,8,5,4,7,7,1,4,4,4,4,1,1,0,2,1,1,5,5,2,9,8,7,9,4,3,8,3,4,8,0,1,5,7,3,8,1,8,7,9,4,8,3,4
"14",1,"B0578","B",5,5,7,1,7,4,1,1,4,3,2,1,6,3,6,0,4,1,8,6,3,9,2,5,3,0,8,9,4,7,0,4,2,4,9,6,8,7,4,1,1,7,7,9,7,5,3,9,1,7,3,4,6,9,6,5,2,1
"130",1,"B4427","B",65,6,5,6,8,6,5,4,6,4,8,9,1,3,9,5,8,2,7,8,9,4,1,9,7,7,4,9,5,4,3,9,6,7,9,2,9,1,3,0,1,2,8,2,6,3,3,5,8,4,7,5,4,4,2,0,7,2
"45",1,"B1514","B",71,3,3,5,2,2,5,2,5,5,2,9,9,9,4,0,9,2,5,4,2,1,2,3,5,4,8,3,7,9,3,8,0,6,2,6,5,3,6,1,5,0,0,6,4,0,5,5,4,2,2,0,1,7,1,7,2,2
"22",1,"B0875","B",77,9,7,4,1,7,9,4,2,1,5,2,7,0,9,4,7,6,6,5,1,4,7,5,1,1,5,5,1,7,0,7,3,9,9,5,5,6,2,7,6,5,7,6,6,1,7,9,2,8,1,0,5,4,7,1,3,3
"206",1,"B6774","B",58,8,0,7,3,1,5,0,7,5,5,6,1,4,6,6,5,0,2,3,5,0,0,1,4,1,1,7,3,0,0,9,7,5,1,3,0,1,1,8,8,2,4,6,2,6,0,3,9,9,1,1,4,8,2,1,6,0
"230",1,"B7517","B",55,6,9,1,8,6,6,3,0,4,0,5,7,8,7,8,4,4,2,7,5,5,4,3,6,2,2,3,9,3,3,4,4,3,4,5,0,2,5,3,6,9,0,4,9,8,2,4,7,1,9,0,8,7,8,9,4,2
"193",1,"B6348","B",78,9,0,1,2,7,0,1,0,4,3,0,2,4,4,4,0,1,6,5,6,8,9,8,0,7,6,3,1,9,8,3,3,6,7,0,4,1,2,0,6,6,9,4,2,4,4,7,2,6,2,2,8,1,3,9,6,3
"104",1,"B3447","B",63,2,4,7,8,2,9,8,7,6,8,0,0,9,5,1,2,6,9,4,0,4,5,8,6,8,9,5,6,2,5,9,1,3,5,8,8,7,4,3,9,6,9,0,2,3,7,6,6,4,8,2,2,7,5,1,6,9
"379",1,"B5506","B",70,0,3,3,4,5,2,0,4,0,9,1,1,1,3,3,6,9,3,9,1,3,8,9,6,6,4,8,7,9,9,4,8,3,7,0,8,8,1,5,4,7,6,6,4,3,8,8,3,8,0,7,4,7,6,1,8,6
"255",1,"B8210","B",29,7,3,6,4,9,9,4,9,5,5,1,2,8,0,4,4,9,2,9,2,9,3,0,6,1,1,4,0,5,2,6,6,0,5,1,1,1,3,2,6,7,5,9,9,5,3,7,5,4,4,2,8,0,8,9,9,9
"353",1,"L1746","L",66,5,0,5,5,8,3,8,6,9,2,5,8,3,1,5,1,6,2,4,4,1,4,8,4,3,3,5,9,3,2,4,2,5,4,3,1,7,7,8,5,9,6,1,5,5,3,3,6,4,3,7,8,6,2,9,9,3
"354",1,"L1781","L",7,1,6,4,0,4,0,5,9,2,7,2,4,6,3,8,7,6,4,6,2,5,8,8,2,9,1,1,6,9,1,1,9,8,6,8,1,1,1,1,3,0,7,8,8,9,0,0,9,6,3,0,7,6,0,4,3,7
"103",1,"B3333","B",19,5,4,9,2,5,3,1,1,8,3,4,9,4,5,7,2,9,0,1,3,8,5,3,1,5,2,8,9,5,2,0,1,3,7,1,5,0,1,5,7,2,7,9,7,7,3,5,4,5,9,5,6,0,2,9,8,9
"331",1,"L1005","L",57,0,7,2,2,8,5,6,1,1,3,3,9,6,1,8,2,4,1,0,7,7,6,1,0,6,3,2,6,2,1,4,9,5,9,5,7,2,0,2,9,2,5,9,7,3,9,8,6,0,9,4,4,8,6,9,8,0
"13",1,"B0518","B",99,2,8,1,8,3,1,2,6,9,8,5,9,7,5,0,0,9,8,6,1,8,5,9,6,7,0,8,3,5,8,4,3,5,9,9,4,1,2,8,2,0,2,6,7,2,2,5,4,7,8,4,6,1,4,2,6,3
"296",1,"L0080","L",56,9,6,2,2,8,9,3,5,0,8,4,5,0,5,6,4,1,1,5,9,1,3,4,0,0,6,4,1,6,3,5,3,6,8,6,2,9,4,0,7,9,1,2,3,5,9,9,5,2,9,4,2,2,3,0,5,3
"388",1,"B0544","B",63,6,5,9,0,8,0,3,5,2,7,7,3,1,7,4,7,3,3,7,8,9,4,1,6,2,2,3,2,2,5,7,9,6,1,5,0,3,1,4,8,4,8,8,4,9,3,0,5,1,0,5,5,1,1,9,4,8
"176",1,"B5807","B",18,9,4,8,8,0,9,9,5,6,1,5,4,6,1,6,8,5,5,3,6,6,0,3,7,3,1,7,2,0,5,5,5,7,0,8,2,0,4,0,8,8,5,2,0,3,1,0,0,2,1,7,0,5,9,2,2,7
"279",1,"B9252","B",17,1,4,1,9,1,2,8,5,1,1,1,7,5,2,3,2,5,7,0,1,5,6,2,9,8,1,6,0,4,7,8,6,4,1,7,1,8,0,7,1,9,6,3,8,7,4,2,8,5,1,2,0,4,2,1,5,6
"110",1,"B3753","B",65,0,2,0,6,3,4,1,1,3,2,1,2,2,9,6,3,5,6,9,5,8,8,2,1,9,4,0,3,9,8,1,7,3,9,4,3,5,8,5,6,5,6,8,5,9,8,3,7,6,2,1,5,9,6,1,3,2
"84",1,"B2708","B",9,0,4,9,7,8,1,3,0,5,9,3,3,2,4,7,4,4,7,5,6,9,7,7,8,5,1,9,8,1,1,5,4,5,0,5,8,4,0,5,6,0,4,9,5,3,9,9,9,0,6,8,5,6,3,4,4,9
"29",1,"B1115","B",51,0,9,7,8,1,9,7,9,9,2,3,7,0,4,0,2,6,4,0,4,3,2,7,9,6,3,0,7,0,4,4,7,7,5,9,0,1,6,7,2,6,0,7,6,9,7,0,5,6,3,9,1,9,9,5,7,1
"141",1,"B4674","B",81,5,2,8,8,7,4,6,5,2,0,0,0,0,0,9,9,1,0,2,1,9,6,7,8,1,7,9,1,4,0,6,7,9,1,5,6,7,8,8,4,8,7,6,4,3,6,1,1,8,8,5,0,6,6,2,1,6
"252",1,"B8161","B",5,0,9,8,6,3,8,5,2,5,8,1,9,6,4,2,2,9,8,7,8,7,0,4,3,1,8,7,3,0,4,1,2,0,9,9,2,3,4,6,7,4,4,6,5,5,6,6,1,0,8,8,1,9,2,7,6,5
"221",1,"B7194","B",12,7,3,5,0,0,3,0,9,8,9,5,2,4,6,7,5,9,8,3,7,4,1,0,8,5,4,8,9,6,8,4,3,1,6,3,5,3,8,8,7,5,4,5,9,1,3,2,8,2,2,7,1,3,8,3,3,4
"108",1,"B3599","B",53,3,3,2,0,1,6,7,7,2,7,5,0,2,2,6,4,3,1,6,8,6,8,0,1,7,8,3,9,6,7,9,0,6,4,6,1,1,8,9,2,5,0,2,6,5,5,7,6,1,2,1,9,3,3,3,9,8
"304",1,"L0242","L",42,0,8,6,9,3,4,3,9,0,9,7,7,3,9,3,3,3,7,0,4,1,8,3,8,7,8,2,9,9,5,1,6,8,9,2,2,8,4,1,6,1,9,0,7,5,5,9,2,8,6,2,3,8,4,9,1,7
"33",1,"B1199","B",2,2,9,8,4,2,8,2,5,8,7,8,6,9,4,6,6,3,7,9,9,7,0,6,5,1,3,2,7,2,2,3,3,7,3,5,5,4,5,8,1,6,2,4,8,7,4,5,4,4,2,4,4,2,2,6,9,8
"359",1,"L1989","L",14,8,7,1,8,2,4,6,1,0,7,6,3,4,2,0,0,1,7,4,5,5,8,5,2,2,9,6,8,5,6,1,0,5,1,0,2,9,3,4,6,3,3,5,4,7,2,6,9,8,1,8,9,2,7,7,1,4
"149",1,"B5089","B",77,5,6,2,5,4,8,5,7,8,4,4,4,4,6,9,9,2,5,6,3,7,4,0,8,3,4,6,6,4,5,5,5,6,4,5,6,5,9,4,0,8,8,7,4,9,5,7,8,5,4,7,2,4,0,3,7,2
"287",1,"B9586","B",45,9,2,3,1,6,5,8,5,6,0,4,0,5,9,2,0,4,9,6,5,5,6,3,8,1,3,3,5,3,6,3,0,3,1,8,6,5,3,4,4,5,2,3,9,0,7,0,1,1,8,6,9,5,9,7,0,2
"102",1,"B3325","B",13,6,6,6,7,0,4,3,3,6,1,4,9,3,6,9,0,2,3,2,5,9,7,4,2,8,6,2,3,6,8,9,1,6,7,0,0,6,9,9,6,3,3,9,0,1,0,3,4,1,4,6,9,2,2,2,1,2
"145",1,"B4921","B",74,0,2,2,8,5,3,3,1,7,7,8,9,6,4,8,2,0,8,4,9,8,5,1,7,2,6,7,1,8,0,2,3,7,9,6,7,0,7,4,7,2,5,1,1,3,2,3,2,4,2,0,1,1,2,4,3,7
"118",1,"B4089","B",36,6,5,4,6,3,7,2,8,9,6,0,9,6,7,4,2,1,8,7,4,8,3,6,7,9,5,1,2,7,2,8,1,5,5,6,9,6,9,7,0,0,0,0,9,1,9,2,5,1,5,8,9,5,8,5,8,4
"335",1,"L1273","L",96,6,6,7,7,7,6,2,4,1,5,3,2,8,8,1,9,5,0,6,1,6,2,6,1,6,6,4,9,6,7,4,5,4,9,5,3,3,1,6,2,0,5,2,9,3,2,1,7,0,6,5,5,2,0,5,1,0
"107",1,"B3590","B",87,2,6,1,6,9,7,5,3,6,8,3,5,7,9,2,7,1,6,7,6,3,4,5,4,0,2,8,2,6,9,0,7,4,3,8,7,6,4,2,7,3,4,1,1,9,7,6,6,8,0,1,9,8,7,9,9,6
"64",1,"B2009","B",52,0,7,3,8,9,4,1,9,6,4,1,7,7,2,9,9,0,9,0,4,8,9,8,0,3,0,6,0,6,7,7,8,6,0,3,6,3,3,1,1,4,1,7,1,1,7,9,4,0,1,8,2,5,3,3,5,6
"224",1,"B7202","B",41,7,2,7,2,4,2,8,5,1,8,0,6,0,7,1,0,0,7,7,9,0,8,4,8,3,3,1,0,4,4,3,5,7,8,4,2,8,6,9,9,5,8,2,3,9,9,5,1,6,8,7,4,1,9,4,4,3
"349",1,"L1640","L",57,2,0,1,2,1,8,8,2,7,6,1,6,5,2,9,9,7,9,5,0,1,7,0,7,5,7,1,4,3,3,4,6,4,0,5,8,9,8,5,2,2,9,2,0,4,3,0,6,1,4,5,6,9,0,4,3,6
"316",1,"L0565","L",60,5,5,5,0,5,1,2,1,4,3,3,1,9,6,8,9,6,1,4,6,9,6,1,7,5,8,9,5,0,3,3,4,5,6,9,8,8,6,4,5,5,7,0,9,9,1,2,8,5,1,0,5,1,7,3,1,0
"51",1,"B1717","B",23,9,7,5,7,4,5,8,2,9,4,0,8,3,9,6,5,5,2,8,8,2,2,5,9,5,0,4,6,6,7,7,6,2,0,5,6,9,6,7,1,8,9,2,5,4,1,3,2,4,2,9,1,5,5,8,1,3
"337",1,"L1309","L",83,5,3,7,6,6,8,1,9,5,1,4,4,5,7,5,2,5,3,6,4,9,3,5,7,1,8,6,9,4,0,0,5,1,0,5,5,4,5,0,5,6,5,2,0,9,2,6,3,6,6,1,6,4,5,2,7,7
"385",1,"B8321","B",33,2,8,8,1,2,3,8,4,7,5,4,5,5,2,9,7,9,8,8,8,6,7,3,0,3,4,0,3,2,0,0,5,8,1,5,8,9,7,7,9,2,8,7,7,8,1,5,3,5,7,3,0,0,1,1,6,8
"138",1,"B4509","B",36,7,9,5,5,7,0,7,0,2,4,1,8,0,5,0,3,7,8,2,6,1,8,6,1,8,4,9,7,5,1,1,7,9,2,4,5,4,6,2,4,7,6,0,4,5,2,1,0,1,5,9,6,8,0,2,8,3
"403",1,"B8091","B",69,4,0,5,3,9,3,3,0,9,1,3,2,5,5,7,2,9,7,8,2,8,6,8,4,4,2,1,4,6,4,4,6,8,9,0,3,1,8,6,3,9,6,9,7,4,2,4,0,5,9,0,2,8,5,1,9,9
"402",1,"B7542","B",64,3,9,4,2,0,3,5,1,2,8,7,5,0,6,5,0,3,6,1,4,8,0,6,5,5,6,9,4,3,0,0,3,4,8,9,8,3,2,9,3,1,7,1,1,4,4,7,0,3,1,0,7,6,4,3,8,4
"282",1,"B9328","B",59,7,8,9,6,3,6,0,6,0,2,8,2,5,4,1,5,7,6,7,2,4,2,8,7,6,1,9,0,1,8,0,3,0,9,5,7,6,2,5,3,8,5,1,4,4,4,1,0,8,9,4,4,8,8,2,7,5
"143",1,"B4852","B",23,2,9,2,3,6,0,7,1,9,3,8,8,4,6,1,2,3,5,3,9,7,6,8,4,7,0,0,1,9,8,0,1,5,0,7,4,6,2,3,1,2,1,4,3,6,5,5,7,0,1,7,4,1,9,8,2,1
"285",1,"B9502","B",85,7,4,7,1,7,5,7,9,0,3,5,9,0,7,8,5,3,9,2,7,9,7,6,8,2,2,9,5,3,9,7,5,1,3,9,3,1,2,9,9,6,4,5,6,7,0,2,2,0,0,7,4,8,1,0,3,9
"170",1,"B5588","B",5,3,7,3,4,9,7,4,8,3,3,9,1,7,0,7,0,1,4,4,1,0,0,7,2,3,4,1,8,2,3,0,3,1,0,1,8,5,8,3,0,3,6,3,4,4,9,7,9,8,8,3,5,3,4,2,4,4
"48",1,"B1588","B",7,9,5,0,1,4,7,9,0,3,9,4,5,3,8,8,3,3,9,4,7,4,6,7,4,3,3,9,3,3,5,5,8,4,3,9,8,1,2,9,6,7,0,4,6,4,4,0,4,0,8,8,3,9,6,7,6,2
"204",1,"B6682","B",83,8,9,0,8,0,1,0,0,1,7,2,7,7,9,4,8,1,4,8,6,6,5,5,8,3,7,5,5,3,7,3,4,6,9,6,8,0,4,5,5,7,4,0,8,7,6,2,8,0,0,7,5,9,3,6,5,2
"295",1,"L0039","L",53,3,7,9,0,3,5,9,9,2,8,8,5,6,9,6,8,3,5,5,2,4,0,3,7,3,0,5,1,5,2,0,9,8,7,9,6,9,4,5,9,4,0,6,2,9,1,5,2,4,5,5,7,9,9,5,8,2
"24",1,"B0886","B",73,2,4,7,9,0,9,2,2,7,6,6,7,6,1,8,1,7,8,5,6,6,2,4,5,6,7,7,2,3,0,4,7,1,6,6,7,4,4,2,3,1,6,1,8,4,7,8,7,9,1,7,8,0,6,7,2,6
"181",1,"B5976","B",3,9,9,6,4,2,1,5,0,5,9,4,0,2,5,0,4,9,7,4,4,4,4,4,4,3,0,7,1,8,9,7,1,7,8,1,0,5,9,1,0,7,8,5,7,0,1,6,3,8,4,6,7,1,7,0,4,8
"214",1,"B6963","B",18,5,0,8,1,9,1,7,7,0,0,6,4,8,9,9,6,1,5,6,6,4,4,6,9,5,4,0,6,5,1,5,2,6,3,1,9,3,9,4,0,9,0,6,4,5,4,9,2,2,7,8,3,8,6,3,0,8
"346",1,"L1568","L",97,8,7,7,1,8,7,5,6,0,3,1,5,9,9,7,8,7,0,6,8,2,8,8,1,7,1,0,1,3,3,3,4,6,9,7,4,3,7,8,6,7,4,2,4,2,3,4,3,4,5,4,6,1,6,7,4,9
"225",1,"B7329","B",5,4,3,7,5,1,3,4,6,9,0,9,6,2,1,4,5,2,8,1,5,0,9,8,7,5,5,1,7,3,6,7,9,5,7,8,5,6,9,9,7,7,6,7,2,6,8,3,2,7,8,2,0,9,4,9,4,6
"163",1,"B5461","B",95,6,2,3,3,6,7,4,1,0,9,1,6,1,1,5,2,8,8,9,9,8,8,8,1,0,4,0,6,7,5,4,7,4,7,0,5,2,8,2,4,9,9,3,7,3,8,6,6,3,1,8,4,8,0,4,2,8
"43",1,"B1455","B",54,7,0,0,1,1,0,9,5,0,1,7,9,9,9,4,1,3,9,8,0,1,5,0,8,5,8,2,9,7,1,2,8,6,3,0,5,2,5,8,3,9,8,3,4,7,4,3,6,9,8,4,6,0,0,6,6,9
"1",1,"B0004","B",57,3,9,8,5,7,1,7,8,0,1,1,2,3,4,8,0,8,6,8,3,2,9,0,5,6,7,6,0,0,0,8,2,3,2,2,6,1,7,3,5,5,9,8,6,1,9,5,7,3,1,1,4,7,7,8,3,2
"380",1,"B7199","B",2,9,1,9,5,7,1,7,4,1,6,3,2,7,5,8,5,1,3,9,2,8,8,1,1,0,9,6,2,2,1,9,7,9,7,1,4,7,1,2,2,6,6,3,1,9,3,1,8,0,3,9,3,2,8,5,3,7
"78",1,"B2499","B",6,5,1,6,1,0,9,9,4,4,3,7,4,3,9,0,5,2,6,5,5,1,0,6,8,9,9,2,3,1,3,3,1,8,6,8,7,4,9,8,6,5,3,8,6,0,4,0,9,9,0,5,3,2,0,7,4,6
"284",1,"B9490","B",81,7,1,5,0,8,2,5,8,5,0,3,7,2,5,3,5,2,0,8,8,8,2,1,2,2,6,9,5,4,4,5,9,8,4,1,0,1,0,6,3,1,4,7,9,4,0,3,5,1,3,1,5,9,4,4,0,2
"116",1,"B4027","B",66,9,8,3,5,8,8,0,3,2,4,4,8,5,5,0,4,6,2,4,3,5,2,4,1,1,8,2,0,0,7,0,4,5,4,2,1,5,1,6,8,4,2,5,8,8,7,9,0,9,0,5,7,1,5,9,6,4
"233",1,"B7683","B",95,6,7,0,9,7,8,5,2,7,9,7,0,9,4,2,6,9,1,8,7,7,3,4,0,1,5,4,5,3,1,8,5,0,3,6,9,2,4,9,0,8,2,1,5,0,6,8,5,7,8,1,8,1,2,1,0,4
"293",1,"B9726","B",3,7,7,0,9,3,7,2,1,4,9,6,7,0,5,7,7,0,8,7,1,6,8,7,0,6,0,2,0,5,9,6,8,6,6,1,6,9,0,6,0,9,7,5,8,7,9,7,6,1,3,2,9,0,5,8,4,1
"61",1,"B1921","B",41,9,6,4,1,0,5,2,4,9,2,0,9,7,8,4,6,0,5,9,7,1,9,3,1,3,3,7,4,9,7,7,1,6,9,7,3,6,3,2,9,4,9,6,9,6,6,9,9,2,3,4,5,1,1,6,2,2
"86",1,"B2754","B",65,6,7,9,2,9,6,1,8,7,2,6,5,6,2,1,3,3,8,2,4,4,8,4,3,9,5,2,9,0,6,5,2,1,6,2,4,6,9,6,2,6,0,4,8,3,6,9,0,3,9,1,1,7,5,3,2,8
"342",1,"L1431","L",57,0,9,9,8,5,9,4,9,8,2,4,5,1,1,6,6,9,1,7,1,1,3,2,4,8,5,3,5,9,1,1,0,0,7,5,7,7,9,0,5,1,4,2,7,7,0,1,8,0,5,3,7,4,3,3,2,1
"49",1,"B1653","B",1,7,4,9,9,5,1,6,3,5,4,8,8,7,1,1,8,2,7,6,9,8,4,4,7,8,2,1,0,4,2,9,9,5,4,8,5,3,1,6,2,4,1,9,3,3,5,2,1,9,8,5,3,1,8,6,7,7
"242",1,"B7812","B",30,0,3,9,7,4,9,8,3,3,4,7,1,9,8,1,8,2,3,9,7,8,0,0,6,0,1,8,7,8,0,7,8,4,8,5,4,8,3,6,9,4,2,6,1,7,6,0,8,3,1,7,2,2,9,5,5,0
"246",1,"B7854","B",53,7,2,1,6,3,0,0,2,8,7,4,6,3,8,8,1,6,4,3,9,9,8,8,9,3,1,7,8,3,7,0,5,5,0,2,9,8,9,7,5,4,7,0,0,7,1,8,7,1,6,5,3,7,2,1,9,4
"247",1,"B7977","B",91,1,3,0,5,6,7,3,2,6,4,6,5,8,5,8,5,2,1,1,3,5,1,5,3,5,8,6,7,0,2,2,8,7,9,5,4,2,2,9,6,6,3,6,1,6,0,0,9,4,6,6,6,1,2,6,7,1
"239",1,"B7769","B",60,3,9,6,0,5,1,6,0,5,6,8,9,4,8,3,5,1,6,8,5,4,7,4,3,6,0,9,9,8,5,1,4,0,7,1,5,2,9,5,9,5,6,2,3,7,9,2,0,4,4,1,8,2,6,4,4,7
"219",1,"B7149","B",19,5,1,9,4,4,6,3,5,3,7,8,1,3,7,0,9,1,7,5,4,3,3,9,3,0,4,7,3,5,9,8,0,9,3,5,4,1,7,0,9,5,0,6,4,1,7,4,3,8,1,5,2,1,2,1,1,4
"135",1,"B4469","B",42,5,3,4,0,9,7,2,5,3,9,7,6,0,9,2,4,5,8,9,1,8,9,1,5,9,8,1,3,8,8,1,2,2,8,1,7,0,4,4,8,8,0,0,2,4,2,4,8,4,5,2,0,2,7,9,1,1
"376",1,"B3591","B",4,8,3,3,9,7,9,9,8,7,3,5,8,3,9,6,4,3,2,1,6,7,0,7,4,9,0,6,1,4,6,5,9,7,2,0,8,3,5,6,6,8,8,0,2,7,0,8,8,3,0,1,9,1,7,7,2,4
"375",1,"B3309","B",38,8,1,1,3,4,4,2,8,7,6,4,0,9,7,5,3,0,4,5,0,6,2,5,2,8,4,2,2,6,0,4,4,4,0,6,1,6,0,1,6,9,1,0,2,2,9,6,8,6,4,0,1,1,5,1,8,3
"321",1,"L0730","L",52,9,9,7,2,8,8,2,0,2,4,8,2,3,8,1,7,7,7,6,4,2,9,8,9,8,2,1,7,8,8,0,1,3,0,8,3,9,6,4,9,5,3,0,7,5,9,4,8,6,0,6,7,8,0,1,7,4
"53",1,"B1776","B",33,1,8,3,6,2,9,2,6,9,9,9,1,3,0,2,2,8,3,8,4,7,0,0,6,6,8,7,2,0,1,4,1,2,8,0,0,5,2,4,6,7,2,0,6,3,5,2,2,3,8,5,4,0,0,1,4,5
"360",1,"L2125","L",77,1,0,3,1,5,0,4,3,1,6,8,6,8,7,7,2,4,4,6,2,9,0,6,3,2,1,9,9,6,2,2,4,5,0,5,7,9,9,9,0,7,5,8,9,4,5,3,2,6,8,9,9,5,1,9,7,4
"65",1,"B2102","B",58,1,8,4,5,3,6,9,9,2,4,5,2,3,8,1,3,0,9,0,4,6,6,3,0,9,6,8,3,4,9,7,3,2,8,6,7,3,6,5,7,0,9,4,5,9,5,2,0,8,6,4,0,6,3,2,5,7
"389",1,"B1561","B",14,4,2,6,8,3,2,7,0,7,4,9,6,0,1,8,8,1,8,9,8,0,0,0,8,9,4,6,0,4,9,5,0,7,7,5,6,9,2,0,7,3,6,5,9,3,0,4,2,4,0,7,1,6,5,2,8,3
"124",1,"B4179","B",22,9,6,3,4,8,0,8,2,4,0,0,3,2,2,8,6,8,1,1,1,6,8,4,4,8,2,9,2,7,5,2,5,0,4,4,5,6,9,9,1,2,2,7,9,1,9,8,2,7,8,4,8,9,6,0,5,5
"77",1,"B2474","B",71,7,0,2,9,1,7,8,1,2,5,8,7,1,7,2,0,8,0,5,8,2,4,1,1,5,0,2,4,9,4,9,7,9,4,3,4,5,5,5,7,0,1,9,5,9,7,3,5,9,1,4,1,9,4,2,6,6
"218",1,"B7144","B",10,2,9,2,5,9,6,8,8,4,7,1,5,5,8,3,5,3,4,5,2,2,0,1,1,5,9,5,4,5,0,3,6,0,0,4,2,0,1,6,8,5,3,6,6,8,3,1,7,7,5,0,6,3,5,5,7,0
"98",1,"B3098","B",73,6,8,2,2,8,7,2,9,4,7,0,2,6,7,7,8,8,0,3,2,7,9,6,4,3,6,0,4,6,7,7,7,0,1,3,5,9,3,4,8,6,6,6,6,1,9,3,2,6,5,8,3,6,8,5,8,7
"194",1,"B6351","B",54,4,1,8,0,1,6,2,9,4,5,7,2,2,0,2,9,3,1,1,9,9,0,3,7,2,6,8,0,1,9,8,6,4,7,0,6,2,3,0,8,2,6,8,3,7,6,7,9,0,6,2,4,1,7,4,7,5
"19",1,"B0733","B",89,7,8,8,3,3,9,3,4,7,2,3,1,4,8,0,8,6,7,5,7,5,8,0,2,6,1,2,1,3,6,5,2,7,8,3,5,7,1,8,8,0,1,6,4,0,8,0,7,4,2,4,9,4,5,9,3,3
"31",1,"B1144","B",84,5,0,5,1,2,0,7,9,1,1,0,4,9,8,6,6,0,3,7,4,1,3,2,9,2,5,5,2,1,3,4,5,3,2,8,4,4,7,0,9,6,7,0,4,0,6,1,8,4,8,5,5,8,4,1,5,4
"174",1,"B5761","B",61,0,1,2,2,0,1,9,8,0,5,0,2,8,8,6,7,9,8,4,4,6,9,5,8,6,7,2,4,9,5,9,8,3,1,9,6,2,8,4,8,1,9,0,8,9,1,7,5,2,9,4,1,8,9,7,1,6
"237",1,"B7760","B",45,0,8,4,7,5,3,8,1,9,5,3,0,7,7,1,0,6,8,7,7,3,6,6,7,7,9,8,2,1,8,5,2,5,6,2,8,5,2,6,3,6,5,9,9,9,7,8,5,5,5,1,8,5,9,8,7,6
"75",1,"B2379","B",76,1,6,5,3,9,3,3,8,6,1,0,3,4,3,9,2,0,7,2,1,3,6,9,2,1,4,5,0,8,5,3,7,3,4,7,5,4,9,1,0,1,9,4,2,9,4,6,5,8,2,6,5,3,3,0,8,8
"16",1,"B0587","B",5,0,6,0,1,3,2,7,9,4,1,6,0,5,5,0,8,1,0,7,3,7,6,3,2,3,3,1,6,8,7,6,8,1,6,8,8,3,7,5,2,5,3,0,5,9,0,1,3,8,3,0,9,1,0,4,5,2
"370",1,"B0207","B",33,4,8,3,3,8,3,2,0,6,5,4,3,6,4,9,5,6,5,3,1,1,9,2,1,9,3,6,3,1,1,5,9,3,6,7,2,7,9,9,8,8,6,0,3,2,6,1,4,2,7,9,7,1,7,9,9,0
"265",1,"B8723","B",90,2,6,4,1,1,7,7,6,9,8,9,3,4,4,3,1,9,9,2,5,8,3,3,6,4,0,9,0,7,9,9,4,4,9,5,7,9,3,1,2,8,9,8,0,4,4,6,9,6,3,0,8,5,2,9,0,8
"92",1,"B2825","B",49,0,5,2,5,4,4,3,5,3,1,1,8,9,7,4,7,1,3,2,9,1,3,0,7,9,8,8,6,8,4,6,0,5,7,4,6,7,4,0,8,7,2,2,7,6,7,7,2,3,3,0,8,4,0,6,7,8
"122",1,"B4132","B",58,0,7,4,0,8,1,1,2,0,7,4,0,3,4,2,9,2,4,0,6,0,2,3,4,2,6,1,1,9,4,8,8,1,9,3,6,8,7,0,1,6,3,2,8,9,8,7,8,2,3,4,6,5,1,1,0,0
"152",1,"B5181","B",53,5,8,6,4,3,9,6,5,8,6,7,1,9,8,0,7,3,0,7,6,3,5,2,9,8,5,4,3,0,9,7,6,1,4,1,9,3,4,4,4,6,4,1,0,8,0,9,7,9,8,5,8,4,5,9,1,2
"318",1,"L0641","L",6,9,5,3,9,9,8,8,6,8,9,9,1,0,5,2,7,7,3,5,1,6,3,2,9,6,4,8,4,5,2,2,7,7,6,5,6,3,3,3,3,3,4,1,1,4,3,7,5,8,8,8,1,0,5,8,6,4
"207",1,"B6842","B",74,0,9,8,5,3,3,9,8,2,8,3,0,8,4,9,7,0,5,3,5,7,4,4,6,6,5,5,8,7,8,2,0,6,0,7,4,7,1,8,0,5,5,6,0,2,0,6,8,7,4,2,0,0,0,1,7,3
"67",1,"B2209","B",56,2,8,7,6,5,4,2,8,8,4,3,6,8,1,9,3,8,2,6,9,4,3,0,6,8,5,0,7,1,8,3,0,0,4,3,8,8,3,0,5,3,1,1,2,8,0,7,5,8,2,6,9,0,5,0,5,9
"249",1,"B8002","B",29,0,4,2,2,9,2,4,8,3,2,9,1,4,3,0,9,6,0,1,5,4,9,5,1,7,8,2,4,5,6,0,7,0,8,4,0,3,2,3,9,3,6,8,9,6,9,2,8,9,3,6,0,0,1,6,7,7
"384",1,"B7998","B",94,6,8,2,5,6,6,2,9,1,5,8,5,7,1,5,1,0,6,3,0,1,4,5,4,5,3,6,4,5,3,0,6,5,8,1,4,8,3,2,8,4,0,6,8,5,3,0,3,9,7,2,0,9,5,4,7,3
"229",1,"B7516","B",42,7,6,3,9,7,8,9,0,1,6,6,8,4,0,3,5,1,4,5,3,4,4,3,4,3,4,8,6,1,6,7,4,7,1,2,5,3,7,9,9,8,3,1,1,6,7,1,8,6,6,0,4,6,6,2,9,3
"404",1,"B8195","B",92,7,4,6,7,9,3,9,2,8,9,0,7,4,3,5,9,4,2,2,2,5,8,7,9,2,0,5,7,3,5,9,5,1,8,6,3,1,5,2,0,2,2,4,4,9,2,3,3,9,4,3,3,1,2,1,5,0
"223",1,"B7201","B",37,9,2,8,3,1,7,9,7,9,5,6,6,0,4,6,4,0,5,8,7,8,0,6,8,3,7,2,1,9,4,3,5,6,7,4,3,4,1,0,5,4,3,0,8,5,0,4,4,9,4,6,2,6,1,9,8,4
"386",1,"B9242","B",36,7,9,7,0,8,8,7,0,7,7,0,5,0,3,9,1,7,0,5,1,5,0,8,3,4,7,8,7,9,4,0,6,8,3,0,0,0,0,6,8,9,9,8,1,1,1,3,8,0,9,1,2,2,4,1,4,8
"320",1,"L0714","L",35,5,6,4,7,2,1,3,5,0,5,9,7,1,5,0,4,4,9,2,6,7,6,4,6,8,7,5,3,2,1,7,5,1,8,3,9,6,4,0,3,8,7,1,8,4,1,2,1,0,9,4,7,4,2,0,4,0
"140",1,"B4631","B",16,3,0,0,2,9,0,4,2,1,8,5,0,8,6,4,9,7,5,3,8,3,8,1,6,2,4,7,9,0,4,5,0,1,5,6,8,1,2,7,9,9,4,1,1,2,2,3,8,5,2,1,5,0,5,3,4,3
"126",1,"B4228","B",88,0,6,5,2,3,4,5,6,8,7,5,9,5,1,1,0,5,4,3,2,3,7,7,1,8,0,9,4,3,8,1,4,0,2,5,3,8,4,5,7,1,9,6,1,9,2,0,1,2,9,7,7,2,9,1,9,1
"361",1,"L2139","L",9,3,8,1,7,4,8,6,2,0,0,0,9,6,0,7,1,5,3,7,4,1,7,2,1,5,4,4,8,6,3,6,7,0,7,9,5,1,9,5,9,3,0,3,4,3,3,4,6,3,9,4,4,5,3,9,4,1
"356",1,"L1892","L",42,8,1,9,7,7,3,5,6,1,7,9,3,6,4,2,0,2,7,6,0,8,6,1,9,3,4,0,9,4,7,5,8,9,3,6,3,9,0,7,9,4,0,2,5,7,1,9,9,4,8,3,9,1,2,3,7,2
"297",1,"L0105","L",17,9,2,0,1,4,2,2,2,2,2,7,5,6,6,8,5,5,4,3,0,5,5,8,7,1,4,3,1,5,1,3,1,0,7,8,4,5,6,2,8,8,2,6,0,6,0,0,6,2,6,4,9,9,5,2,3,7
"267",1,"B8771","B",22,8,9,1,4,7,9,3,0,2,4,8,5,0,4,6,2,3,8,3,6,2,6,1,9,4,7,9,2,4,6,5,2,3,8,5,6,1,3,8,9,5,5,7,8,8,8,1,5,2,9,9,9,8,6,8,3,2
"15",1,"B0585","B",20,7,7,6,4,1,6,7,6,8,2,4,4,4,1,8,5,2,7,2,9,6,7,0,0,6,6,5,0,3,3,5,6,0,5,7,8,3,2,7,0,5,2,6,4,0,5,9,5,0,9,2,6,6,1,0,2,3
"363",1,"L2203","L",54,2,1,3,1,4,1,2,0,5,2,1,2,9,9,5,4,4,5,6,1,4,3,5,8,3,5,4,9,0,3,3,2,1,3,6,7,5,6,1,2,7,6,6,6,8,9,9,6,8,8,1,2,4,4,5,8,3
"373",1,"B2670","B",15,9,3,4,6,5,0,0,1,7,4,6,6,9,7,3,2,4,1,0,5,8,8,3,6,9,2,0,2,2,1,9,8,9,4,4,2,1,0,1,3,3,4,7,1,4,5,1,6,1,5,4,3,2,9,4,7,1
"195",1,"B6431","B",34,7,0,3,6,0,3,7,6,4,3,7,9,0,2,1,9,5,9,0,9,0,1,6,0,3,1,9,3,4,8,9,9,2,1,1,0,9,0,3,0,0,9,8,3,7,6,1,9,6,4,1,0,7,7,8,1,7
"201",1,"B6623","B",62,7,3,2,8,3,3,6,1,7,1,0,3,2,4,6,9,0,0,3,1,6,5,8,7,5,5,0,8,6,8,4,8,0,7,7,0,0,3,8,4,0,1,1,1,9,9,9,7,4,9,1,1,0,0,2,9,0
"378",1,"B5040","B",15,6,2,1,7,8,1,6,2,9,8,4,3,5,9,8,8,5,8,1,3,5,6,0,2,1,7,4,4,6,8,9,7,0,5,9,7,4,7,9,6,2,7,4,1,5,6,4,4,1,2,6,9,5,0,6,5,0
"17",1,"B0693","B",32,7,9,0,7,6,8,5,5,9,2,9,5,8,7,1,2,8,0,6,3,7,1,7,7,0,4,4,0,7,2,5,5,2,8,5,2,8,1,1,3,6,2,5,6,0,0,6,6,3,6,9,3,3,6,2,5,2
"212",1,"B6932","B",13,8,7,4,6,3,5,1,4,1,9,7,1,7,8,3,8,7,9,5,7,5,8,4,5,3,1,6,6,2,0,4,3,1,6,8,8,1,5,3,2,0,9,1,6,0,6,8,4,8,8,1,1,0,7,3,2,5
"127",1,"B4265","B",20,2,6,4,7,9,5,4,9,3,3,9,8,3,0,8,7,2,4,0,8,4,9,1,5,1,1,1,1,0,2,0,0,6,2,6,4,5,8,2,3,5,7,4,0,2,8,3,5,2,6,7,8,6,0,3,0,6
"133",1,"B4445","B",11,8,2,1,7,4,0,9,5,4,0,4,2,6,9,6,7,0,0,1,1,1,0,9,6,5,3,5,8,5,2,5,6,2,6,2,4,8,7,6,2,3,3,6,5,5,3,6,5,3,6,2,1,9,6,7,4,9
"41",1,"B1399","B",67,1,8,0,8,5,4,8,3,7,6,8,9,7,7,0,7,8,9,8,0,8,6,1,1,2,4,1,6,4,4,7,6,1,4,4,4,9,9,0,5,6,5,9,5,5,0,5,1,7,2,7,0,3,5,2,2,4
"286",1,"B9584","B",0,1,7,3,2,2,5,9,0,5,3,9,4,9,9,9,6,0,4,3,3,5,4,1,0,7,0,8,9,2,6,0,9,1,6,8,4,0,6,4,1,7,1,7,5,2,0,2,9,6,9,9,8,1,6,3,4,3
"336",1,"L1285","L",75,6,2,9,7,6,3,8,7,7,9,7,6,8,9,9,2,3,1,5,0,9,0,1,4,8,5,7,2,4,6,5,9,0,2,8,4,8,0,5,6,6,6,7,0,6,2,4,5,1,3,2,1,9,4,6,3,2
"159",1,"B5397","B",20,3,7,1,1,0,3,7,9,8,2,6,1,4,8,7,0,7,3,0,6,0,6,7,8,9,5,6,1,5,2,8,8,3,0,5,8,1,1,0,7,8,6,1,6,3,9,7,4,8,7,7,3,9,3,1,4,7
"117",1,"B4057","B",38,5,5,4,4,5,9,5,6,0,5,9,4,6,5,2,6,2,4,2,5,2,9,3,2,2,5,5,2,8,2,2,7,1,9,4,7,1,9,3,2,1,4,2,7,9,5,9,3,8,0,8,7,3,5,1,0,8
"72",1,"B2332","B",69,6,5,0,1,9,5,0,1,6,3,4,6,5,5,5,9,9,9,0,3,8,6,3,8,6,2,4,6,6,7,1,4,1,2,6,8,2,3,9,5,6,4,6,5,1,8,8,1,9,4,4,8,5,0,0,9,0
"36",1,"B1258","B",57,2,3,1,7,2,4,7,1,9,4,1,5,0,2,6,5,0,0,6,3,0,4,7,6,3,2,5,9,3,3,5,8,2,5,9,5,6,7,2,0,7,0,7,9,2,4,8,6,4,4,0,9,9,7,7,2,5
"291",1,"B9705","B",76,8,5,6,4,3,8,5,6,3,6,6,9,9,3,1,2,7,8,9,4,7,3,1,9,6,4,4,2,8,1,0,5,3,1,8,4,5,1,7,6,6,3,0,0,4,6,1,5,2,6,6,8,8,2,3,6,0
"235",1,"B7718","B",69,2,5,3,1,2,4,8,5,0,4,1,7,7,8,1,2,6,2,4,6,5,0,3,1,9,5,4,5,6,2,7,2,3,1,9,8,3,8,6,0,0,5,6,4,0,8,4,9,4,7,8,9,8,5,9,3,6
"157",1,"B5314","B",48,9,9,6,8,7,8,2,5,5,7,1,6,1,5,9,0,1,5,8,7,0,5,6,7,5,0,7,1,8,4,5,0,1,1,9,8,7,4,6,3,8,2,8,9,5,4,8,3,1,6,3,3,9,2,2,9,8
"391",1,"B2066","B",99,4,1,2,1,6,7,7,9,3,0,0,3,4,1,3,6,8,9,7,2,6,3,5,2,9,2,9,1,3,0,9,2,1,7,8,8,1,6,8,4,6,9,5,6,9,7,5,9,3,1,2,1,8,5,7,1,9
"325",1,"L0854","L",49,4,7,3,8,7,1,5,0,2,3,0,7,9,5,7,0,4,2,1,7,2,4,5,6,9,3,4,3,9,0,7,8,7,6,3,0,5,6,1,8,8,8,5,5,7,9,2,5,7,2,1,6,0,6,8,0,5
"317",1,"L0590","L",84,4,4,1,4,9,8,5,0,8,9,6,5,5,8,9,1,1,0,4,3,4,2,5,3,9,4,4,3,2,0,2,0,5,3,9,2,6,5,0,9,3,9,4,8,4,8,0,0,0,7,7,5,7,6,5,9,5
"281",1,"B9318","B",14,9,6,2,0,4,0,4,2,3,5,2,4,3,4,6,4,1,2,4,5,2,3,1,1,0,6,6,4,7,4,6,5,6,8,1,5,3,7,1,1,9,3,5,6,5,7,5,6,4,4,6,7,7,0,9,3,1
"238",1,"B7765","B",22,1,1,5,2,7,0,2,5,4,5,7,2,7,7,0,9,6,7,8,4,9,8,4,7,8,8,2,5,6,6,0,6,7,6,9,3,7,3,8,7,6,1,3,9,3,1,9,2,6,4,4,8,5,2,3,4,3
"106",1,"B3532","B",37,4,4,7,0,5,5,5,6,3,2,5,2,0,7,4,7,6,7,7,6,6,2,2,7,9,1,7,9,3,5,4,5,6,3,2,4,1,4,6,4,0,3,7,3,7,4,6,8,3,1,8,2,9,2,2,4,9
"185",1,"B6095","B",25,5,4,4,8,5,7,1,3,7,4,2,0,4,7,9,8,3,9,9,5,7,0,2,8,1,0,0,5,9,6,0,2,0,2,7,9,6,1,2,4,9,5,4,2,9,9,2,0,1,7,7,5,1,1,1,5,5
"88",1,"B2771","B",16,3,3,4,9,2,3,0,3,6,4,3,8,4,9,8,7,9,9,0,0,1,9,6,0,3,3,1,2,0,7,8,2,2,9,2,8,2,2,2,5,4,2,2,5,4,8,0,8,7,8,9,4,0,9,7,8,2
"231",1,"B7648","B",63,9,3,1,4,2,4,1,1,7,6,0,8,7,2,7,4,1,1,6,5,9,3,0,1,6,3,0,8,6,2,2,1,8,6,5,6,5,6,9,0,5,9,2,4,0,1,7,1,8,8,8,2,7,0,4,7,8
"222",1,"B7196","B",92,2,3,2,8,6,1,2,9,7,6,4,4,2,6,5,6,7,8,7,7,0,9,5,6,5,6,9,0,4,9,6,0,8,6,4,2,6,8,1,5,5,9,1,3,2,2,9,3,7,3,4,7,6,1,3,9,8
"306",1,"L0266","L",99,5,9,9,8,2,8,9,9,4,2,0,2,0,8,0,5,2,8,9,3,3,5,1,2,1,3,6,1,5,7,0,2,9,1,6,9,3,5,2,2,9,4,9,8,2,7,5,0,6,3,7,7,7,6,7,5,0
"240",1,"B7778","B",47,1,3,5,0,0,7,9,0,2,7,7,8,1,7,4,5,6,6,8,6,1,4,2,4,1,0,8,4,8,9,2,0,8,2,7,7,6,0,4,9,6,9,8,7,2,2,5,8,2,5,2,5,2,5,5,6,6
"50",1,"B1654","B",4,8,9,7,0,9,3,3,4,8,0,5,9,1,4,7,2,6,2,5,0,0,9,4,2,5,3,7,5,6,0,6,4,6,1,2,2,0,1,8,8,5,7,4,8,6,3,4,5,6,2,7,8,9,6,4,7,7
"80",1,"B2570","B",79,8,3,9,2,1,8,6,4,8,9,9,8,8,3,7,1,5,6,0,4,2,8,8,4,8,3,1,8,3,4,8,2,0,4,1,3,2,0,7,1,6,1,5,6,1,8,7,6,4,7,3,6,8,0,5,9,9
"30",1,"B1141","B",33,2,5,0,5,1,7,8,5,3,3,0,7,3,6,7,3,5,3,5,6,0,4,2,4,5,5,8,1,8,3,0,0,4,8,3,6,9,9,5,6,8,7,7,0,4,5,0,1,4,5,6,8,0,8,7,8,4
"93",1,"B2834","B",7,5,3,2,6,0,8,4,4,8,7,7,8,8,8,5,1,5,8,7,5,8,4,1,7,0,8,0,7,5,3,3,9,3,0,6,1,8,9,8,8,0,1,5,5,3,7,6,2,9,7,7,1,4,5,9,8,4
"244",1,"B7831","B",3,3,2,5,1,4,4,7,9,0,8,1,3,2,1,6,7,3,6,8,9,9,0,1,9,0,5,9,0,6,6,8,2,8,6,5,6,5,8,5,9,6,1,7,5,8,6,8,5,5,5,2,1,2,6,2,6,8
"367",1,"B8023","B",72,0,0,4,1,9,0,7,6,1,3,3,8,1,8,7,4,5,0,2,9,2,0,6,7,1,0,3,3,9,2,9,1,9,2,2,0,7,6,5,1,9,0,1,9,9,3,0,8,3,6,3,4,4,5,8,6,3
"250",1,"B8090","B",65,7,2,0,2,2,5,3,4,7,0,0,6,3,0,0,3,8,5,4,0,1,7,9,0,5,1,5,1,1,2,5,0,1,8,5,0,5,3,0,2,6,0,9,7,4,5,8,9,5,7,8,8,3,4,8,1,8
"322",1,"L0797","L",24,8,3,1,3,8,6,2,5,2,1,3,2,1,3,8,8,5,1,1,8,7,1,6,5,8,0,7,8,8,0,1,2,4,1,4,9,4,8,3,4,6,7,5,7,8,8,2,8,7,8,1,9,2,1,5,9,8
"164",1,"B5470","B",43,8,2,7,7,0,5,2,8,5,0,7,0,4,0,8,8,4,9,2,2,0,2,9,3,0,2,3,6,6,1,3,3,8,9,1,8,7,7,1,8,4,9,9,6,2,0,9,1,7,7,1,4,7,8,9,2,4
"168",1,"B5575","B",26,7,9,8,6,8,6,1,8,2,1,0,9,2,5,3,4,3,3,6,1,2,7,7,7,3,3,3,0,8,8,3,9,6,1,8,5,9,8,3,8,7,1,0,6,6,1,0,1,9,1,9,1,2,9,8,9,4
